id_lectura,id_lote,fecha_hora,humedad_suelo_pct,temperatura_c
1,LOT-001,2026-09-01 00:00,46.2,21.8
2,LOT 001,2026-09-01 01:00,46.6,24.3
3,LOT-001,01/09/2026 02:00,44.4,21.6
4,LOT-001,2026-09-01 03:00,150.0,23.2
5,lot002,2026-09-01 04:00,43.8,22.8
6,LOT-001,2026-09-01 05:00,43.8,ERROR_SENSOR
7,LOT-001,2026-09-01 06:00,,19.1
8,LOT-001,2026-09-01 07:00,40.7,21.2
9,LOT-001,2026-09-01 08:00,42.5,22.5
10,LOT-001,2026-09-01 09:00,42.7,19.9
11,LOT-001,2026-09-01 10:00,48.7,21.7
12,LOT-001,2026-09-01 11:00,45.2,19.9
13,LOT-001,2026-09-01 12:00,43.6,22.2
14,LOT-001,2026-09-01 13:00,42.1,22.6
15,LOT-001,2026-09-01 14:00,43.5,21.6
16,LOT-001,2026-09-01 15:00,43.5,
17,LOT-001,2026-09-01 16:00,45.0,20.4
18,LOT-001,2026-09-01 17:00,47.1,20.2
19,LOT-001,2026-09-01 18:00,45.5,19.1
20,LOT-001,2026-09-01 19:00,41.7,22.3
21,LOT-001,2026-09-01 20:00,46.8,22.3
22,LOT-001,2026-09-01 21:00,44.7,21.5
23,LOT-001,2026-09-01 22:00,41.3,20.9
24,LOT-001,2026-09-01 23:00,43.8,23.6
25,LOT-002,2026-09-01 00:00,37.0,21.0
26,LOT001,2026-09-01 01:00,37.0,23.7
27,LOT-002,2026-09-01 02:00,34.0,25.7
28,LOT-002,2026-09-01 03:00,39.1,26.4
29,LOT-002,2026/09/01 04:00,33.5,23.9
30,LOT-002,2026-09-01 05:00,37.0,26.5
31,LOT-002,2026-09-01 06:00,34.6,24.1
32,LOT-002,2026-09-01 07:00,32.7,22.1
33,LOT-002,2026-09-01 08:00,38.4,27.2
34,LOT-002,2026-09-01 09:00,35.8,26.5
35,LOT-002,2026-09-01 10:00,37.1,23.2
36,LOT-002,2026-09-01 11:00,,27.6
37,LOT-002,2026-09-01 12:00,35.9,27.6
38,LOT-002,2026-09-01 13:00,28.1,26.1
39,LOT-002,2026-09-01 14:00,36.3,23.9
40,LOT-002,2026-09-01 15:00,36.3,20.5
41,LOT-002,2026-09-01 16:00,135.5,25.2
42,LOT-002,2026-09-01 17:00,40.4,23.5
43,LOT-002,2026-09-01 18:00,33.6,texto
44,LOT-002,2026-09-01 19:00,38.7,25.2
45,LOT-002,2026-09-01 20:00,34.4,25.5
46,LOT-002,2026-09-01 21:00,36.3,26.4
47,LOT-002,2026-09-01 22:00,33.9,23.8
48,LOT-002,2026-09-01 23:00,34.8,21.6
49,LOT-003,2026-09-01 00:00,52.6,21.3
50,LOT-003,2026-09-01 01:00,52.0,20.7
51,lote-003,2026-09-01 02:00,49.2,20.5
52,LOT-003,2026-09-01 03:00,51.3,20.0
53,LOT-003,01-09-2026 04:00,51.7,21.5
54,LOT-003,2026-09-01 05:00,55.8,21.2
55,LOT-003,2026-09-01 06:00,52.5,20.9
56,LOT-003,2026-09-01 07:00,48.2,21.0
57,LOT-003,2026-09-01 08:00,52.1,24.0
58,LOT-003,2026-09-01 09:00,51.6,21.4
59,LOT-003,2026-09-01 10:00,51.9,19.6
60,LOT-003,2026-09-01 11:00,54.3,21.9
61,LOT-003,2026-09-01 12:00,53.6,19.9
62,LOT-003,2026-09-01 13:00,54.8,19.3
63,LOT-003,2026-09-01 14:00,53.2,23.6
64,LOT-003,2026-09-01 15:00,50.0,20.3
65,LOT-003,2026-09-01 16:00,52.2,20.4
66,LOT-003,2026-09-01 17:00,48.9,21.1
67,LOT-003,2026-09-01 18:00,49.9,21.6
68,LOT-003,2026-09-01 19:00,50.2,22.9
69,LOT-003,2026-09-01 20:00,50.4,20.6
70,LOT-003,2026-09-01 21:00,53.6,19.5
71,LOT-003,2026-09-01 22:00,52.5,22.6
72,LOT-003,2026-09-01 23:00,48.8,21.2
1,LOT-001,2026-09-01 00:00,46.2,21.8
25,LOT-002,2026-09-01 00:00,37.0,21.0
49,LOT-003,2026-09-01 00:00,52.6,21.3
